{"cameraMode":{"drawMode":0,"name":"Shaded","section":"Shading Mode"},"sceneLighting":true,"audioPlay":false,"sceneViewState":{"showFog":true,"showMaterialUpdate":false,"showSkybox":true,"showFlares":true,"showImageEffects":true,"showParticleSystems":true},"in2DMode":false,"pivot":{"x":-28.498254776000978,"y":-4.113811492919922,"z":99.01172637939453},"rotation":{"x":-0.0044986712746322159,"y":-0.02399742230772972,"z":0.00010799500887515023,"w":-0.999701976776123},"size":125.58030700683594,"orthographic":true}