{"cameraMode":{"drawMode":0,"name":"Shaded","section":"Shading Mode"},"sceneLighting":true,"audioPlay":false,"sceneViewState":{"showFog":true,"showMaterialUpdate":false,"showSkybox":true,"showFlares":true,"showImageEffects":true,"showParticleSystems":true},"in2DMode":false,"pivot":{"x":5.508374214172363,"y":1.9118683338165284,"z":3.700082302093506},"rotation":{"x":-0.25146743655204775,"y":0.7456533312797546,"z":-0.39676570892333987,"w":-0.4725910425186157},"size":4.844038963317871,"orthographic":false}